URL,Extracted Link
https://m.twitch.tv/kingsleague/about,https://kingsleague.pro/
https://m.twitch.tv/BALLERLEAGUE/about,https://www.instagram.com/ballerleague
https://m.twitch.tv/BALLERLEAGUE/about,https://bit.ly/xingpanel
https://m.twitch.tv/gerardromero/about,https://twitter.com/gerardromero
https://m.twitch.tv/oestagiario/about,https://twitter.com/oestagiario
https://m.twitch.tv/oestagiario/about,https://twitch.amazon.com/tp
https://m.twitch.tv/oestagiario/about,https://www.twitch.tv/products/oestagiariodoei
https://m.twitch.tv/oestagiario/about,https://twitter.com/oestagiario
https://m.twitch.tv/oestagiario/about,https://www.instagram.com/oestagiario
https://m.twitch.tv/oestagiario/about,https://streamelements.com/oestagiario/tip
https://m.twitch.tv/oestagiario/about,https://streamelements.com/oestagiario/store
https://m.twitch.tv/ElChiringuitoTV/about,https://twitter.com/elchiringuitotv
https://m.twitch.tv/sirolopez56/about,https://twitter.com/sirolopez
https://m.twitch.tv/sirolopez56/about,https://discord.gg/hEfFs3QkSb
https://m.twitch.tv/sirolopez56/about,https://streamlabs.com/sirolopez56/tip
https://m.twitch.tv/sirolopez56/about,https://www.tiktok.com/@sirolopez_56?lang=es
https://m.twitch.tv/sirolopez56/about,https://www.youtube.com/channel/UCLsw8_ixscmMuEinAydU8Fw
https://m.twitch.tv/sirolopez56/about,https://twitter.com/sirolopez
https://m.twitch.tv/sirolopez56/about,https://www.instagram.com/sirolopez56/
https://m.twitch.tv/rubenmartinweb/about,https://www.youtube.com/channel/UC06S2CHxu1UBeL42tLSwrKw
https://m.twitch.tv/tvplay_it/about,https://www.instagram.com/tvplay.it/
https://m.twitch.tv/footballbromance/about,https://www.instagram.com/footballbromance/?hl=en
https://m.twitch.tv/footballbromance/about,https://streamelements.com/footballbromance/tip
https://m.twitch.tv/footballbromance/about,https://www.twitch.tv/footballbromance
https://m.twitch.tv/footballbromance/about,https://www.instagram.com/footballbromance/
https://m.twitch.tv/footballbromance/about,https://www.youtube.com/@FootballBromance
https://m.twitch.tv/footballbromance/about,https://www.footballbromance.shop/
https://m.twitch.tv/footballbromance/about,https://www.footballbromance.com/
https://m.twitch.tv/Diario_AS/about,https://www.youtube.com/channel/UCXISYK3xagaK5DHnhQ4X0hw
https://m.twitch.tv/Diario_AS/about,https://twitter.com/diarioas
https://m.twitch.tv/Diario_AS/about,https://www.instagram.com/diarioas/
https://m.twitch.tv/Diario_AS/about,https://www.tiktok.com/@diarioas?
https://m.twitch.tv/Diario_AS/about,https://www.facebook.com/as
https://m.twitch.tv/Diario_AS/about,https://www.youtube.com/diarioas/
https://m.twitch.tv/elyihi/about,https://twitter.com/YihiRM
https://m.twitch.tv/elyihi/about,https://discord.gg/Jjymkkhww4
https://m.twitch.tv/elyihi/about,https://www.tiktok.com/@bardeloscunados
https://m.twitch.tv/elyihi/about,https://www.youtube.com/channel/UCkBjySX8bf99L6AbfhmqeKQ
https://m.twitch.tv/elyihi/about,https://twitter.com/YihiRM
https://m.twitch.tv/elyihi/about,https://streamlabs.com/elyihi/tip
https://m.twitch.tv/kingsleagueamericas/about,https://twitter.com/kingsleague_am
https://m.twitch.tv/chiringuitoresubidos/about,https://whatsapp.com/channel/0029VaBHuGcFSAt6uRstFv1P
https://m.twitch.tv/BostonWEEI/about,https://radio.com/weei
https://m.twitch.tv/BostonWEEI/about,https://twitter.com/TheGregHillShow
https://m.twitch.tv/BostonWEEI/about,http://twitter.com/GreshFauria
https://m.twitch.tv/BostonWEEI/about,http://twitter.com/jonesandmego
https://m.twitch.tv/BostonWEEI/about,http://twitter.com/WEEI
https://m.twitch.tv/BostonWEEI/about,http://instagram.com/weeisports
https://m.twitch.tv/BostonWEEI/about,https://weei.radio.com
https://m.twitch.tv/BostonWEEI/about,https://www.audacy.com/about#app
https://m.twitch.tv/WinamaxSport/about,https://twitter.com/WinamaxSport
https://m.twitch.tv/WinamaxSport/about,https://discord.gg/PywsHjZxG6
https://m.twitch.tv/WinamaxSport/about,https://twitter.com/WinamaxSport​ 
https://m.twitch.tv/WinamaxSport/about,https://www.youtube.com/channel/UCFqV9b9ji8yIMw3GyNlueuA
https://m.twitch.tv/WinamaxSport/about,https://www.instagram.com/winamax.sport/
https://m.twitch.tv/WinamaxSport/about,https://www.winamax.fr/winamax-tv-grille
https://m.twitch.tv/WinamaxSport/about,https://www.facebook.com/winamaxsport​ 
https://m.twitch.tv/WinamaxSport/about,https://www.winamax.fr/a-propos_protection-des-joueurs_non-au-jeu-dangereux-
https://m.twitch.tv/kurt0411/about,https://twitter.com/kurt0411fifa
https://m.twitch.tv/kurt0411/about,https://www.twitch.tv/subs/kurt0411
https://m.twitch.tv/kurt0411/about,https://streamlabs.com/kurt0411
https://m.twitch.tv/diariooleok/about,https://twitter.com/DiarioOle
https://m.twitch.tv/valentisanjuan/about,http://instagram.com/valentisanjuan
https://m.twitch.tv/valentisanjuan/about,https://discord.gg/Zk4xD9wQ6s
https://m.twitch.tv/valentisanjuan/about,https://open.spotify.com/user/1133900800?si=2271324a8f2d4337
https://m.twitch.tv/valentisanjuan/about,https://actituordie.com/tienda/
https://m.twitch.tv/valentisanjuan/about,https://www.youtube.com/valentisanjuan
https://m.twitch.tv/valentisanjuan/about,https://actituordie.com/tienda/?swoof=1&q=/tienda/&product_cat=libros
https://m.twitch.tv/valentisanjuan/about,https://www.youtube.com/valentiestaloco
https://m.twitch.tv/valentisanjuan/about,https://twitter.com/valentisanjuan
https://m.twitch.tv/valentisanjuan/about,https://www.instagram.com/valentisanjuan/
https://m.twitch.tv/valentisanjuan/about,https://www.tiktok.com/@valentisanjuan?
https://m.twitch.tv/CazeTV_/about,https://www.youtube.com/channel/UCZiYbVptd3PVPf4f6eR6UaQ
https://m.twitch.tv/TheSportsLeader/about,https://www.knbr.com/listenlive
https://m.twitch.tv/SoyMotor/about,https://twitter.com/SoyMotor
https://m.twitch.tv/SoyMotor/about,https://www.youtube.com/soymotor
https://m.twitch.tv/SoyMotor/about,https://soymotor.com/
https://m.twitch.tv/Chicago670thescore/about,https://www.audacy.com/670thescore
https://m.twitch.tv/Chicago670thescore/about,https://twitter.com/670TheScore?ref_src=twsrc%5Egoogle%7Ctwcamp%5Eserp%7Ctwgr%5Eauthor
https://m.twitch.tv/Chicago670thescore/about,https://www.facebook.com/670TheScore/
https://m.twitch.tv/Chicago670thescore/about,https://www.youtube.com/user/670thescore
https://m.twitch.tv/Chicago670thescore/about,https://www.instagram.com/670thescore/?hl=en
https://m.twitch.tv/Chicago670thescore/about,https://www.tiktok.com/@670thescore
https://m.twitch.tv/DiarioMARCA/about,https://www.youtube.com/user/Marca
https://m.twitch.tv/DiarioMARCA/about,https://www.marca.com/
https://m.twitch.tv/DiarioMARCA/about,https://twitter.com/marca
https://m.twitch.tv/DiarioMARCA/about,https://www.youtube.com/c/DiarioMARCA
https://m.twitch.tv/DiarioMARCA/about,https://www.instagram.com/marca/
https://m.twitch.tv/DiarioMARCA/about,https://www.tiktok.com/@marca.com
https://m.twitch.tv/Juventibus/about,https://twitter.com/juventibus
https://m.twitch.tv/Juventibus/about,https://streamelements.com/juventibus/tip
https://m.twitch.tv/SantiZap/about,https://www.youtube.com/channel/UC60Z18qxfHNBdI-c_dE6z1Q
https://m.twitch.tv/SantiZap/about,https://wwe-shop.sjv.io/75a2GA
https://m.twitch.tv/SantiZap/about,https://www.twitch.tv/products/santizap/ticket?ref=below_video_subscribe_button
https://m.twitch.tv/SantiZap/about,https://streamlabs.com/santizap
https://m.twitch.tv/TeleRadioStereo/about,https://www.teleradiostereo.it/
https://m.twitch.tv/INAKIANGULOTV/about,https://www.youtube.com/channel/UC1x67eZRTTUDo9KJzPX3cHA
https://m.twitch.tv/Futbol_Fantasy/about,https://www.futbolfantasy.com/
https://m.twitch.tv/RetesportTV/about,https://twitter.com/ReteSport
https://m.twitch.tv/teladoiotokyo/about,https://www.marione.net
https://m.twitch.tv/teladoiotokyo/about,https://www.facebook.com/TeLaDoIoTokyo
https://m.twitch.tv/teladoiotokyo/about,https://www.youtube.com/c/TeladoioTokyo
https://m.twitch.tv/teladoiotokyo/about,https://www.instagram.com/teladoiotokyo/
https://m.twitch.tv/teladoiotokyo/about,https://twitter.com/teladoiotokyo
https://m.twitch.tv/teladoiotokyo/about,https://www.marione.net/
https://m.twitch.tv/AmalaTV/about,https://www.instagram.com/amala.tv/
https://m.twitch.tv/AmalaTV/about,https://www.twitch.tv/subs/amalatv
https://m.twitch.tv/AmalaTV/about,https://www.twitch.tv/prime
https://m.twitch.tv/AmalaTV/about,https://linktr.ee/Amala_
https://m.twitch.tv/AmalaTV/about,https://www.youtube.com/channel/UCYsD2oR0C2hCK1efSEcgEeQ
https://m.twitch.tv/AmalaTV/about,https://streamelements.com/amalatv/tip
https://m.twitch.tv/AssodiRoma_Official/about,https://instagram.com/assodiroma?igshid=YmMyMTA2M2Y=
https://m.twitch.tv/AssodiRoma_Official/about,https://anc-nexus.com/
https://m.twitch.tv/AssodiRoma_Official/about,https://www.youtube.com/channel/UC5DmNc-X1_LxXF2y6BsperQ
https://m.twitch.tv/AssodiRoma_Official/about,https://instagram.com/assodiroma?igshid=YmMyMTA2M2Y=
https://m.twitch.tv/AssodiRoma_Official/about,https://vm.tiktok.com/ZMLXWp3nx/
https://m.twitch.tv/mundodeportivo/about,https://twitter.com/mundodeportivo
https://m.twitch.tv/CALCIOBERLIN/about,https://www.youtube.com/c/CALCIOBERLIN
https://m.twitch.tv/agorafutbol/about,https://twitter.com/agorafutbol
https://m.twitch.tv/agorafutbol/about,https://twitter.com/agorafutbol
https://m.twitch.tv/agorafutbol/about,https://www.youtube.com/channel/UCEB1cGzbTy-x9nPfnCXL5RA
https://m.twitch.tv/agorafutbol/about,https://streamlabs.com/agorafutbol1
https://m.twitch.tv/agorafutbol/about,https://discord.gg/C4AKsvjr
https://m.twitch.tv/agorafutbol/about,https://www.tiktok.com/@agorafutbol?lang=es
https://m.twitch.tv/agorafutbol/about,https://www.instagram.com/agorafutbol/
https://m.twitch.tv/backyardbreaks/about,https://backyardbreaks.com/
https://m.twitch.tv/backyardbreaks/about,https://backyardbreaks.com/
https://m.twitch.tv/backyardbreaks/about,https://www.tiktok.com/@backyardbreaks?is_copy_url=1&is_from_webapp=v1
https://m.twitch.tv/backyardbreaks/about,https://streamelements.com/backyardbreaks/tip
https://m.twitch.tv/backyardbreaks/about,https://www.twitch.tv/subs/backyardbreaks
https://m.twitch.tv/iaguirregabiria/about,https://twitter.com/iaguirregabiria
https://m.twitch.tv/RMCsport/about,https://www.facebook.com/rmcsport/
https://m.twitch.tv/RMCsport/about,https://rmcsport.bfmtv.com/
https://m.twitch.tv/RMCsport/about,https://www.facebook.com/Le77RMCsport
https://m.twitch.tv/RMCsport/about,https://www.tiktok.com/@le77rmcsport
https://m.twitch.tv/RMCsport/about,https://www.facebook.com/rmcsport
https://m.twitch.tv/RMCsport/about,https://twitter.com/RMCsport
https://m.twitch.tv/RMCsport/about,https://www.instagram.com/rmc_sport
https://m.twitch.tv/RMCsport/about,https://www.youtube.com/channel/UCR5V8BTvlkyYtw6T_9swNEw
https://m.twitch.tv/RMCsport/about,https://www.tiktok.com/@rmcsport
https://m.twitch.tv/senen98/about,https://www.youtube.com/channel/UCM_k_Q6TSohGk_F19f_JX8w
https://m.twitch.tv/senen98/about,https://streamlabs.com/senen98/tip
https://m.twitch.tv/radiosei98100/about,https://www.radiosei.it
https://m.twitch.tv/PoneeeyClub/about,https://www.youtube.com/channel/UC6JXp1OJFhP04L0gGDh96tg?view_as=subscriber
https://m.twitch.tv/PoneeeyClub/about,https://www.youtube.com/channel/UC6JXp1OJFhP04L0gGDh96tg?view_as=subscriber
https://m.twitch.tv/PoneeeyClub/about,https://twitter.com/AymericMilan
https://m.twitch.tv/PoneeeyClub/about,https://www.instagram.com/aymericmilan
https://m.twitch.tv/PoneeeyClub/about,https://www.tiktok.com/@poneeeyclub
https://m.twitch.tv/PoneeeyClub/about,https://www.materiel.net/pc-de-bureau/l402/+fb-C000036995/
https://m.twitch.tv/PoneeeyClub/about,https://lyser.fr
https://m.twitch.tv/PoneeeyClub/about,https://fr.gamesplanet.com/?ref=poneeeyclub
https://m.twitch.tv/PoneeeyClub/about,https://streamelements.com/poneeeyclub/tip
https://m.twitch.tv/Fantacalcio/about,https://www.youtube.com/@fantacalcio
https://m.twitch.tv/Fantacalcio/about,https://www.fantacalcio.it/
https://m.twitch.tv/Fantacalcio/about,https://www.twitch.tv/subs/fantacalcio
https://m.twitch.tv/Fantacalcio/about,https://www.twitch.tv/subs/fantacalcio
https://m.twitch.tv/Fantacalcio/about,https://store.fantacalcio.it/
https://m.twitch.tv/Fantacalcio/about,https://it-it.facebook.com/supportoleghe/
https://m.twitch.tv/Fantacalcio/about,https://www.fantacalcio.it/applicazioni-fantacalcio
https://m.twitch.tv/Fantacalcio/about,https://www.twitch.tv/fantacalcio/schedule
https://m.twitch.tv/Juakynen/about,https://twitter.com/Juakynen
https://m.twitch.tv/Juakynen/about,https://streamelements.com/juakynen/tip
https://m.twitch.tv/LosFutbolitos/about,https://www.youtube.com/channel/UCrMWLPjcY8jQ2KT9WC6PBtw/featured
https://m.twitch.tv/LosFutbolitos/about,https://streamlabs.com/losfutbolitos/tip
https://m.twitch.tv/LosFutbolitos/about,https://www.youtube.com/channel/UCrMWLPjcY8jQ2KT9WC6PBtw
https://m.twitch.tv/LosFutbolitos/about,https://www.instagram.com/losfutbolitostv/
https://m.twitch.tv/LosFutbolitos/about,https://www.tiktok.com/@losfutbolitostv
https://m.twitch.tv/MiguelAngelRomanTV/about,https://twitter.com/Miguel_An_Roman
https://m.twitch.tv/MiguelAngelRomanTV/about,https://trnd.hm/LAROMANETA15
https://m.twitch.tv/MiguelAngelRomanTV/about,https://www.ea.com/es-es/games/ea-sports-fc/fc-24
https://m.twitch.tv/TrashTalkFr/about,https://twitter.com/TrashTalk_fr
https://m.twitch.tv/TrashTalkFr/about,https://www.trashtalk.shop/
https://m.twitch.tv/TrashTalkFr/about,https://twitter.com/TrashTalk_fr
https://m.twitch.tv/TrashTalkFr/about,https://www.youtube.com/user/TrashTalkProduction
https://m.twitch.tv/TrashTalkFr/about,https://livre.fnac.com/a14939185/Trashtalk-Le-plus-grand-livre-de-basketball-de-tous-les-temps-selon-TrashTalk?awc=12665_1613933065_425b3b48d139d7c61461aeba9d743912&ectrans=1&Origin=Awin627513
https://m.twitch.tv/TrashTalkFr/about,https://discord.gg/PKfbDMH
https://m.twitch.tv/TrashTalkFr/about,https://fantasy.trashtalk.co/login/
https://m.twitch.tv/TrashTalkFr/about,https://trashtalk.co/
https://m.twitch.tv/LaMediaInglesa/about,https://www.youtube.com/channel/UC2V8vo8d3i-XQR-JcrmwwFA
https://m.twitch.tv/LaMediaInglesa/about,https://twitter.com/LaMediaInglesa
https://m.twitch.tv/LaMediaInglesa/about,https://streamlabs.com/lamediainglesa1/tip
https://m.twitch.tv/LaMediaInglesa/about,https://www.youtube.com/c/Lamediainglesa/videos
https://m.twitch.tv/LaMediaInglesa/about,https://www.instagram.com/lamediainglesa/
https://m.twitch.tv/LaMediaInglesa/about,https://www.tiktok.com/@lamediainglesa?lang=es
https://m.twitch.tv/rubenuria_/about,https://twitter.com/rubenuria
https://m.twitch.tv/rubenuria_/about,https://twitter.com/rubenuria
https://m.twitch.tv/rubenuria_/about,https://www.instagram.com/uriagonzalez/
https://m.twitch.tv/GxlDePaulinho/about,https://twitter.com/GxlDePaulinho
https://m.twitch.tv/SLAKUN10/about,https://twitter.com/aguerosergiokun
https://m.twitch.tv/SLAKUN10/about,https://www.sergioaguero.com/
https://m.twitch.tv/SLAKUN10/about,https://www.youtube.com/sergioagueroTV
https://m.twitch.tv/SLAKUN10/about,https://www.instagram.com/kunaguero/
https://m.twitch.tv/SLAKUN10/about,https://www.facebook.com/sergioelkunaguero
https://m.twitch.tv/SLAKUN10/about,https://twitter.com/aguerosergiokun
https://m.twitch.tv/SLAKUN10/about,https://www.tiktok.com/@kunaguero
https://m.twitch.tv/SLAKUN10/about,https://discord.com/invite/kunaguero
https://m.twitch.tv/LaGradaSports/about,https://www.lagradaonline.com/radio
https://m.twitch.tv/LaGradaSports/about,https://www.youtube.com/channel/UCM9IgCypYKyWD13dN_n4sPg
https://m.twitch.tv/LaGradaSports/about,https://www.instagram.com/lagradaonline/
https://m.twitch.tv/LaGradaSports/about,https://twitter.com/lagradaonline
https://m.twitch.tv/LaGradaSports/about,https://www.lagradaonline.com/radio
https://m.twitch.tv/tiempodejuegocope/about,https://www.youtube.com/c/TiempodeJuegoCOPE
https://m.twitch.tv/AltitudeSR/about,https://twitter.com/AltitudeSR
https://m.twitch.tv/Mundomaldini/about,https://www.youtube.com/@mundomaldini
https://m.twitch.tv/Alvini98/about,https://streamlabs.com/alvini98/tip
https://m.twitch.tv/Alvini98/about,https://www.youtube.com/channel/UC7EebZ0b8FgrA8Qk4Vqp3Qw?view_as=subscriber
https://m.twitch.tv/Alvini98/about,https://www.instagram.com/alvini98/
https://m.twitch.tv/Alvini98/about,https://twitter.com/alvini98
https://m.twitch.tv/BoboTvChannel/about,https://www.instagram.com/christianvieri/
https://m.twitch.tv/BoboTvChannel/about,https://youtube.com/channel/UCRPTx3_PpxOtOd3jRqoPvzA
https://m.twitch.tv/BoboTvChannel/about,https://www.tiktok.com/@bobo32vieri
https://m.twitch.tv/BoboTvChannel/about,http://www.bobosummercup.it/
https://m.twitch.tv/telemetropanama/about,https://instagram.com/calle7panama?igshid=MzRlODBiNWFlZA==
https://m.twitch.tv/xbuyeroficial/about,https://twitter.com/1996Javi
https://m.twitch.tv/xbuyeroficial/about,https://app.adjust.com/bs8bfzo_itjsq59
https://m.twitch.tv/masl_soccer/about,https://twitter.com/MASLarena
https://m.twitch.tv/masl_soccer/about,https://sitickets.com/sport/masl
https://m.twitch.tv/masl_soccer/about,https://www.flitesports.com/collections/balls2/products/official-2022-masl-match-ball
https://m.twitch.tv/masl_soccer/about,https://www.califino.com/
https://m.twitch.tv/IvZel96/about,https://t.me/ivzelsho
https://m.twitch.tv/IvZel96/about,https://boosty.to/ivzel 
https://m.twitch.tv/IvZel96/about,https://www.youtube.com/@ivzel_studio
https://m.twitch.tv/IvZel96/about,https://www.youtube.com/@IvZelShow
https://m.twitch.tv/IvZel96/about,https://www.donationalerts.com/r/mr_ivzel
https://m.twitch.tv/IvZel96/about,https://t.me/ivzelsho/543
https://m.twitch.tv/dallasfancam/about,https://1053thefan.radio.com/
https://m.twitch.tv/dallasfancam/about,https://www.radio.com/1053thefan
https://m.twitch.tv/dallasfancam/about,https://www.radio.com/1053thefan/videos
https://m.twitch.tv/dallasfancam/about,https://www.youtube.com/channel/UCCbEanUewt86Ou8GZpCi2QQ
https://m.twitch.tv/dallasfancam/about,https://twitter.com/1053thefan
https://m.twitch.tv/dallasfancam/about,https://www.facebook.com/1053thefan
https://m.twitch.tv/dallasfancam/about,https://www.instagram.com/1053thefandfw/
https://m.twitch.tv/dallasfancam/about,https://twitter.com/gbagnation
https://m.twitch.tv/dallasfancam/about,https://twitter.com/kandc1053
https://m.twitch.tv/fcinter1908_official/about,https://www.fcinter1908.it/
https://m.twitch.tv/fcinter1908_official/about,https://www.fcinter1908.it/tag/pagelle
https://m.twitch.tv/TheGamblingCabin/about,https://gamblingcabin.se/
https://m.twitch.tv/TheGamblingCabin/about,https://gamblingcabin.se/andelar-spela-tillsammans/
https://m.twitch.tv/TheGamblingCabin/about,https://www.youtube.com/channel/UCo3zPTs6wvyb0kR34evMCtA
https://m.twitch.tv/TheGamblingCabin/about,https://twitter.com/gamblingcabin
https://m.twitch.tv/TheGamblingCabin/about,https://www.instagram.com/gamblingcabin/?hl=sv
https://m.twitch.tv/TheGamblingCabin/about,https://www.facebook.com/groups/Gamblingcabin/
https://m.twitch.tv/TheGamblingCabin/about,https://discord.gg/tJXkEBXgdg
https://m.twitch.tv/PassioneFiorentina/about,https://www.instagram.com/passionefiorentina_/
https://m.twitch.tv/PassioneFiorentina/about,https://www.twitch.tv/subs/passionefiorentina?fbclid=PAAab_Y532mQDeF3rD4qOhBWGVC_IGCpbWvpsjgYqd4itLBT4CxRffZMZ1EGA
https://m.twitch.tv/PassioneFiorentina/about,https://anc-nexus.com/
https://m.twitch.tv/PassioneFiorentina/about,https://bit.ly/3RNPOM9
https://m.twitch.tv/GolTelevision/about,https://twitter.com/gol
https://m.twitch.tv/GolTelevision/about,https://www.youtube.com/channel/UCWw6r_yGcl7fC0bShxOYhWg
https://m.twitch.tv/GolTelevision/about,https://www.facebook.com/goltv.es
https://m.twitch.tv/GolTelevision/about,https://twitter.com/gol
https://m.twitch.tv/GolTelevision/about,https://www.instagram.com/gol_television/
https://m.twitch.tv/GolTelevision/about,https://vm.tiktok.com/ZMeyTXgFb/
https://m.twitch.tv/AdriContreras4/about,https://elbarrioklk.com/
https://m.twitch.tv/AdriContreras4/about,https://twitter.com/AdriContrerass
https://m.twitch.tv/AdriContreras4/about,https://www.tiktok.com/@adricontreras4
https://m.twitch.tv/AdriContreras4/about,https://www.youtube.com/adricontreras
https://m.twitch.tv/AdriContreras4/about,https://www.instagram.com/adricontreras4
https://m.twitch.tv/AdriContreras4/about,https://www.paypal.me/adricontreras4
https://m.twitch.tv/SPONTENT/about,https://www.instagram.com/spontent_
https://m.twitch.tv/SPONTENT/about,https://www.twitch.tv/subs/spontent
https://m.twitch.tv/SPONTENT/about,https://StreamElements.com/spontent/tip
https://m.twitch.tv/SPONTENT/about,https://www.youtube.com/c/spontent
https://m.twitch.tv/SPONTENT/about,https://www.instagram.com/spontent_
https://m.twitch.tv/SPONTENT/about,https://discord.com/invite/zazV8XJDxY
https://m.twitch.tv/SPONTENT/about,https://www.volleyballdirekt.de/spontent-fanshop?sort=best&category=spontent-fanshop
https://m.twitch.tv/SPONTENT/about,https://spontent.lol
https://m.twitch.tv/PuntoDeportivoTV/about,https://twitter.com/marcvidiella_
https://m.twitch.tv/PuntoDeportivoTV/about,https://www.tiktok.com/@_pdeportivo
https://m.twitch.tv/PuntoDeportivoTV/about,https://twitter.com/marcvidiella_
https://m.twitch.tv/PuntoDeportivoTV/about,https://discord.gg/hqfJYDR4
https://m.twitch.tv/PuntoDeportivoTV/about,https://www.youtube.com/channel/UC5paQo42j7ECTRA77QUtGAg
https://m.twitch.tv/PuntoDeportivoTV/about,https://streamelements.com/marcvidiella/tip
https://m.twitch.tv/FailArmy/about,https://www.youtube.com/@failarmy
https://m.twitch.tv/PadelTVOfficial/about,https://www.youtube.com/@padeltvofficial986/featured
https://m.twitch.tv/PadelTVOfficial/about,https://www.instagram.com/padeltvofficial/
https://m.twitch.tv/PadelTVOfficial/about,https://www.facebook.com/PadelTVOfficial
https://m.twitch.tv/PadelTVOfficial/about,https://padeltvofficial.it/
https://m.twitch.tv/PadelTVOfficial/about,https://www.youtube.com/@padeltvofficial
https://m.twitch.tv/JoseCarrasco_98/about,https://twitter.com/JoseCarrasco_98
https://m.twitch.tv/JoseCarrasco_98/about,https://www.youtube.com/c/elCarrasco
https://m.twitch.tv/JoseCarrasco_98/about,https://discord.com/invite/TqmM5Rg
https://m.twitch.tv/JoseCarrasco_98/about,https://twitter.com/JoseCarrasco_98
https://m.twitch.tv/JoseCarrasco_98/about,https://www.instagram.com/carrasco_fantasy/?hl=es
https://m.twitch.tv/CAMP_NOU_NOW/about,https://www.instagram.com/camp.nou.now/
https://m.twitch.tv/PlanetaNBA/about,https://twitter.com/planetanba
https://m.twitch.tv/PlanetaNBA/about,https://linktr.ee/planetanba
https://m.twitch.tv/PlanetaNBA/about,https://streamelements.com/planetanba-7419/tip
https://m.twitch.tv/nanosecso/about,https://twitter.com/nanosecso
https://m.twitch.tv/nanosecso/about,https://discord.gg/knZG6Pfe
https://m.twitch.tv/nanosecso/about,https://www.instagram.com/nanosecso/
https://m.twitch.tv/nanosecso/about,https://www.twitch.tv/products/nanosecso
https://m.twitch.tv/nanosecso/about,https://twitter.com/home
https://m.twitch.tv/nanosecso/about,https://streamlabs.com/nanosecso/tip
https://m.twitch.tv/VictorAbadG/about,https://www.youtube.com/c/Efeuno
https://m.twitch.tv/VictorAbadG/about,https://www.youtube.com/Efeuno
https://m.twitch.tv/AJGtv/about,https://www.instagram.com/averagejuventinoguy/
https://m.twitch.tv/AJGtv/about,https://twitter.com/AJG_Official
https://m.twitch.tv/AJGtv/about,https://www.facebook.com/AverageJuventinoGuyAJG
https://m.twitch.tv/AJGtv/about,https://t.me/AverageJuventinoGuy
https://m.twitch.tv/AJGtv/about,https://www.instagram.com/averagejuventinoguy/
https://m.twitch.tv/CentroSuonoSport1015/about,https://www.facebook.com/centrosuonosport101.5
https://m.twitch.tv/CentroSuonoSport1015/about,https://www.facebook.com/centrosuonosport101.5
https://m.twitch.tv/CentroSuonoSport1015/about,https://www.instagram.com/centrosuonosport101.50/
https://m.twitch.tv/CentroSuonoSport1015/about,https://www.tiktok.com/@centrosuonosport1015?is_from_webapp=1&sender_device=pc
https://m.twitch.tv/CentroSuonoSport1015/about,https://www.centrosuonosport.eu
https://m.twitch.tv/CentroSuonoSport1015/about,https://twitter.com/CSSport1015
https://m.twitch.tv/CentroSuonoSport1015/about,https://www.youtube.com/@CentroSuonoSport1015
https://m.twitch.tv/BritishBasketball/about,https://www.youtube.com/@OfficialBBL
https://m.twitch.tv/GetWin_Sport/about,https://www.facebook.com/GetWinSport/
https://m.twitch.tv/Rodriguez/about,https://twitter.com/RodriguezRMCF
https://m.twitch.tv/Rodriguez/about,https://twitter.com/RodriguezRMCF
https://m.twitch.tv/Rodriguez/about,https://www.youtube.com/@R0DRIGUEZTTV
https://m.twitch.tv/Rodriguez/about,https://www.instagram.com/rodriguez.ttv/
https://m.twitch.tv/Rodriguez/about,https://discord.gg/Tk8SJaqsuQ
https://m.twitch.tv/Rodriguez/about,https://www.tiktok.com/@rodriguezttv
https://m.twitch.tv/LeoDickinsonSumo/about,https://www.youtube.com/channel/UCzL-FjJrqBiqehOk-7iPbXw?view_as=subscriber
https://m.twitch.tv/LeoDickinsonSumo/about,https://streamlabs.com/leodickinsonsumo1/tip
https://m.twitch.tv/LeoDickinsonSumo/about,https://twitter.com/LeoDickinsonTV
https://m.twitch.tv/LeoDickinsonSumo/about,https://www.youtube.com/c/LeoDickinsonSumo
https://m.twitch.tv/LeoDickinsonSumo/about,https://discord.gg/uVGMr7ptvc
https://m.twitch.tv/LeoDickinsonSumo/about,https://go.nordvpn.net/SH5PK
https://m.twitch.tv/LeoDickinsonSumo/about,https://thrn.co/u/leodickinsonvt
https://m.twitch.tv/espn975/about,https://twitter.com/espn975
https://m.twitch.tv/espn975/about,https://www.espn975.com/
https://m.twitch.tv/espn975/about,https://www.twitch.tv/subs/espn975
https://m.twitch.tv/espn975/about,https://www.facebook.com/espn975/
https://m.twitch.tv/espn975/about,https://www.instagram.com/espn975/
https://m.twitch.tv/espn975/about,https://twitter.com/espn975
https://m.twitch.tv/beisbolnegritoo/about,https://www.youtube.com/channel/UCRY2pE0J_eLOYTTYHB2Iidw/featured
https://m.twitch.tv/beisbolnegritoo/about,https://www.youtube.com/channel/UCrrsDQeY4C6ZYbG-6XQ3XNA
https://m.twitch.tv/beisbolnegritoo/about,https://streamlabs.com/beisbolnegritoo
https://m.twitch.tv/TNTSportsBr/about,https://www.instagram.com/tntsportsbr/
https://m.twitch.tv/TNTSportsBr/about,https://www.twitch.tv/products/tntsportsbr
https://m.twitch.tv/TNTSportsBr/about,https://twitter.com/TNTSportsBR
https://m.twitch.tv/TNTSportsBr/about,https://www.instagram.com/tntsportsbr/
https://m.twitch.tv/TNTSportsBr/about,https://www.facebook.com/TNTSportsBR
https://m.twitch.tv/LaytonSportsCards/about,https://www.laytonsportscards.com/
https://m.twitch.tv/LaytonSportsCards/about,https://www.laytonsportscards.com/category/results
https://m.twitch.tv/LaytonSportsCards/about,https://www.laytonsportscards.com/
https://m.twitch.tv/LaytonSportsCards/about,https://www.laytonsportscards.com/now-in-stock
https://m.twitch.tv/LaytonSportsCards/about,http://www.laytonsportscards.com/contact-us/
https://m.twitch.tv/BarcaHoy/about,https://www.youtube.com/channel/UC8dwL-miT3zeLqPiIs0_TRA
https://m.twitch.tv/BarcaHoy/about,https://streamlabs.com/barahoy/tip
https://m.twitch.tv/BarcaHoy/about,https://www.youtube.com/channel/UC8dwL-miT3zeLqPiIs0_TRA
https://m.twitch.tv/slivooo/about,https://www.instagram.com/slivoooo/
https://m.twitch.tv/slivooo/about,https://www.hellofresh.de/SLIVO
https://m.twitch.tv/slivooo/about,http://steamcommunity.com/groups/IRONIEHELMTVCOM
https://m.twitch.tv/slivooo/about,https://ko-fi.com/slivooo
https://m.twitch.tv/slivooo/about,https://www.youtube.com/slivooo
https://m.twitch.tv/slivooo/about,https://twitter.com/slivooo
https://m.twitch.tv/slivooo/about,https://ko-fi.com/slivooo
https://m.twitch.tv/slivooo/about,https://steamcommunity.com/tradeoffer/new/?partner=16708464&token=YHWbVvj_
https://m.twitch.tv/slivooo/about,https://www.facebook.com/slivooo
https://m.twitch.tv/slivooo/about,http://www.amazon.de/registry/wishlist/30PPEB8HQ4K0C/ref=cm_sw_r_tw_ws_Io3uxbS6C98MZ
https://m.twitch.tv/slivooo/about,https://www.behance.net/ds-graphics 
https://m.twitch.tv/ElTronoKL/about,https://twitter.com/ElTronoKL
https://m.twitch.tv/En3rix_/about,https://streamlabs.com/en3rix_/tip
https://m.twitch.tv/En3rix_/about,https://streamlabs.com/en3rix_/tip
https://m.twitch.tv/generaldepie/about,https://twitter.com/generaldepie_
https://m.twitch.tv/masl_soccer2/about,https://www.instagram.com/maslsoccer/
https://m.twitch.tv/masl_soccer2/about,https://www.flitesports.com/collections/balls2/products/official-2022-masl-match-ball
https://m.twitch.tv/LaGrada914/about,https://streamlabs.com/robertoferriol/tip
https://m.twitch.tv/LaGrada914/about,https://twitter.com/robertoferriol?ref_src=twsrc%5Egoogle%7Ctwcamp%5Eserp%7Ctwgr%5Eauthor
https://m.twitch.tv/LaGrada914/about,https://www.instagram.com/robertoferriol/?hl=es
https://m.twitch.tv/javierdeharo1961/about,https://twitter.com/twitch
https://m.twitch.tv/elchiringuitodejugon1/about,https://discord.gg/VQefhXjS
https://m.twitch.tv/HomeofHandball/about,https://www.facebook.com/homeofhandball
https://m.twitch.tv/HomeofHandball/about,https://eurohandball.com/?utm_source=twitch
https://m.twitch.tv/HomeofHandball/about,https://twitter.com/HomeofHandball
https://m.twitch.tv/HomeofHandball/about,https://www.youtube.com/c/thehomeofhandball
https://m.twitch.tv/HomeofHandball/about,https://www.instagram.com/thehomeofhandball
https://m.twitch.tv/HomeofHandball/about,https://www.tiktok.com/@homeofhandball
https://m.twitch.tv/HomeofHandball/about,https://ehf.select-sport.com/
https://m.twitch.tv/HomeofHandball/about,https://www.hummel.net/ehf
https://m.twitch.tv/TheFifaFinisher/about,https://www.tffbreaks.com
https://m.twitch.tv/TheFifaFinisher/about,https://www.tffbreaks.com
https://m.twitch.tv/TheFifaFinisher/about,https://www.twitch.tv/products/thefifafinisher/ticket/new?ref=below_video_subscribe_button
https://m.twitch.tv/TheFifaFinisher/about,https://twitch.streamlabs.com/thefifafinisher
https://m.twitch.tv/TheFifaFinisher/about,https://www.instagram.com/tffbreaks
https://m.twitch.tv/TheFifaFinisher/about,https://www.tiktok.com/@tffbreaks
https://m.twitch.tv/TheFifaFinisher/about,https://www.twitter.com/thefifafinisher
https://m.twitch.tv/TheFifaFinisher/about,https://www.youtube.com/tffbreaks
https://m.twitch.tv/RealMadrid/about,https://twitter.com/realmadrid
https://m.twitch.tv/WinnersBeachVolleyball_1/about,https://www.winnershub.net/winnners-beach-volleyball
https://m.twitch.tv/WinnersBeachVolleyball_1/about,https://www.winnershub.net/
https://m.twitch.tv/WinnersBeachVolleyball_1/about,https://www.winnershub.net/leaderboards-winners-beachvolleyball
https://m.twitch.tv/WinnersBeachVolleyball_1/about,https://savelife.in.ua/donate/#donate-army-card-monthly
https://m.twitch.tv/WinnersBeachVolleyball_1/about,https://www.winnershub.net/beach-volleyball-schedules-winners
https://m.twitch.tv/WinnersBeachVolleyball_1/about,https://www.winnershub.net/beach-volleyball-ranking-winners
https://m.twitch.tv/WinnersBeachVolleyball_1/about,https://www.winnershub.net/news/categories/winners-news
https://m.twitch.tv/WinnersBeachVolleyball_1/about,https://www.facebook.com/WinnersLeagues/
https://m.twitch.tv/WinnersBeachVolleyball_1/about,https://www.instagram.com/winners_leagues/
https://m.twitch.tv/WinnersBeachVolleyball_1/about,https://t.me/winners_public
https://m.twitch.tv/GooFyLaLf/about,https://vk.com/goofylalf.elcamellotv
https://m.twitch.tv/GooFyLaLf/about,https://www.twitch.tv/goofylalf/about
https://m.twitch.tv/GooFyLaLf/about,https://www.twitch.tv/goofylalf2
https://m.twitch.tv/GooFyLaLf/about,https://www.twitch.tv/elmosquitoluchador
https://m.twitch.tv/GooFyLaLf/about,https://www.twitch.tv/elcamellotv
https://m.twitch.tv/spidercarp23/about,https://twitter.com/SpiderCarp23?t=10axr36ukvza40eyySaJsw&s=09
https://m.twitch.tv/spidercarp23/about,https://instagram.com/gasparvalderrama23?igshid=NmQ2ZmYxZjA=
https://m.twitch.tv/spidercarp23/about,https://twitter.com/SpiderCarp23?t=dUtfDPlAnG_vj2PE6JCPcg&s=09
https://m.twitch.tv/spidercarp23/about,https://ceneka.net/Spidercarp23
https://m.twitch.tv/betql/about,https://www.youtube.com/c/AudacySports/
https://m.twitch.tv/betql/about,https://betql.co/
https://m.twitch.tv/betql/about,https://www.facebook.com/betql
https://m.twitch.tv/betql/about,https://twitter.com/betqlapp
https://m.twitch.tv/betql/about,https://www.instagram.com/audacysports/?hl=en
https://m.twitch.tv/betql/about,https://www.youtube.com/c/audacysports
https://m.twitch.tv/BryanBrosGolf/about,https://instagram.com/bryanbrosgolf
https://m.twitch.tv/BryanBrosGolf/about,https://www.youtube.com/user/BryanBrosGolf
https://m.twitch.tv/BryanBrosGolf/about,https://www.twitch.tv/subs/bryanbrosgolf
https://m.twitch.tv/BryanBrosGolf/about,https://www.instagram.com/bryanbrosgolf/
https://m.twitch.tv/BryanBrosGolf/about,https://discord.gg/skEQKM3fpk
https://m.twitch.tv/BryanBrosGolf/about,https://rhoback.com/?rfsn=4490504.bb5c22&utm_source=refersion&utm_medium=athlete&utm_campaign=REF_George-B_0.3
https://m.twitch.tv/BryanBrosGolf/about,https://twitter.com/bryanbrosgolf
https://m.twitch.tv/BryanBrosGolf/about,https://streamlabs.com/bryanbrosgolf/tip
https://m.twitch.tv/BryanBrosGolf/about,https://www.blueteesgolf.com/
https://m.twitch.tv/lefrenchiie/about,https://youtube.com/@stephanedechaine4964?si=B9gVNHacJ6mxsUN6
https://m.twitch.tv/AnaOnAir/about,https://twitter.com/AnastasiaLps
https://m.twitch.tv/AnaOnAir/about,https://www.twitch.tv/products/anaonair/ticket
https://m.twitch.tv/AnaOnAir/about,https://www.youtube.com/c/AnaOnAir
https://m.twitch.tv/AnaOnAir/about,https://www.youtube.com/channel/UCbWBLU_HDZax_VumLib-F1w
https://m.twitch.tv/AnaOnAir/about,https://twitter.com/AnastasiaLps
https://m.twitch.tv/AnaOnAir/about,https://www.instagram.com/anastasialps/
https://m.twitch.tv/AnaOnAir/about,https://discord.gg/wu6mEC8UBh
https://m.twitch.tv/AnaOnAir/about,https://bit.ly/3kv4uiY
https://m.twitch.tv/AnaOnAir/about,https://www.instant-gaming.com/?igr=Anaonair
https://m.twitch.tv/AnaOnAir/about,https://www.alpinecars.fr/esport.html
https://m.twitch.tv/AnaOnAir/about,https://www.tiktok.com/@anaonair_
https://m.twitch.tv/livefootballsims/about,https://twitter.com/Iivefootballsim
https://m.twitch.tv/ElIngenieroPedro/about,https://www.instagram.com/pedroelingeniero/
https://m.twitch.tv/ElIngenieroPedro/about,https://stinkk.shop/products/pedro-x-stinkk
https://m.twitch.tv/ElIngenieroPedro/about,https://www.paypal.me/PedroElIngeniero
https://m.twitch.tv/ElIngenieroPedro/about,https://www.tiktok.com/@pedroelingeniero
https://m.twitch.tv/ElIngenieroPedro/about,https://twitter.com/pedrosaezarenas
https://m.twitch.tv/ElIngenieroPedro/about,https://www.instagram.com/pedroelingeniero/
https://m.twitch.tv/ElIngenieroPedro/about,https://www.youtube.com/channel/UCAzFk83n3iyBGlparNEykCg
https://m.twitch.tv/joanpradells/about,https://www.instagram.com/joanpradells/
https://m.twitch.tv/ByDiegoX10/about,https://www.youtube.com/user/ByDiegoX10
https://m.twitch.tv/ByDiegoX10/about,https://ramboot.es/
https://m.twitch.tv/ByDiegoX10/about,https://twitter.com/ByDiegoX10
https://m.twitch.tv/ByDiegoX10/about,https://discord.gg/wdKDYF3Fn9
https://m.twitch.tv/ByDiegoX10/about,https://www.tiktok.com/@bydiiegox10?lang=es
https://m.twitch.tv/ByDiegoX10/about,https://streamlabs.com/bydiegox10
https://m.twitch.tv/ByDiegoX10/about,https://www.youtube.com/user/ByDiegoX10
https://m.twitch.tv/ByDiegoX10/about,https://www.instagram.com/bydiegox10/
https://m.twitch.tv/SalvaGarciaJ/about,https://twitter.com/SalvaGJim
https://m.twitch.tv/SalvaGarciaJ/about,https://twitter.com/SalvaGJim
https://m.twitch.tv/SalvaGarciaJ/about,https://streamlabs.com/salvagarciaj
https://m.twitch.tv/btvesports/about,https://twitter.com/btvesports
https://m.twitch.tv/btvesports/about,https://beteve.cat/esports/
https://m.twitch.tv/CH14/about,https://www.youtube.com/c/CH14official
https://m.twitch.tv/CH14/about,https://www.tiktok.com/@chicha14_
https://m.twitch.tv/CH14/about,https://www.instagram.com/ch14_/
https://m.twitch.tv/CH14/about,https://www.youtube.com/channel/UCjNQSS3FXXEVs6GNHvkSOLA
https://m.twitch.tv/CH14/about,https://twitter.com/CH14_
https://m.twitch.tv/Naranjazos/about,https://twitter.com/naranjazos10
https://m.twitch.tv/ATK_GAMIING/about,https://www.youtube.com/@atk_gaming
https://m.twitch.tv/ATK_GAMIING/about,https://www.twitch.tv/atk_gamiing
https://m.twitch.tv/ATK_GAMIING/about,https://www.twitch.tv/subs/atk_gamiing
https://m.twitch.tv/ElQuintoGrande/about,https://twitter.com/ElQuintoGrande
https://m.twitch.tv/ElQuintoGrande/about,https://www.ivoox.com/podcast-elquintogrande_sq_f195055_1.html
https://m.twitch.tv/ElQuintoGrande/about,http://elquintogrande.com/
https://m.twitch.tv/ElQuintoGrande/about,https://twitter.com/ElQuintoGrande
https://m.twitch.tv/ElQuintoGrande/about,https://www.youtube.com/channel/UCM6pxMbBHtbqfEG0fmj36YQ
https://m.twitch.tv/ElQuintoGrande/about,https://www.tiktok.com/@elquintogrande
https://m.twitch.tv/ElQuintoGrande/about,https://www.facebook.com/ElQuintoGrande2021
https://m.twitch.tv/ElQuintoGrande/about,https://www.instagram.com/elquintogrande/
https://m.twitch.tv/Depielo/about,https://www.instagram.com/depielof1/
https://m.twitch.tv/Depielo/about,https://www.youtube.com/channel/UCV4G8eTI0qxMbveC0rL3nkA
https://m.twitch.tv/Depielo/about,https://www.instagram.com/depielof1
https://m.twitch.tv/Depielo/about,https://app.zebet.fr/depielo/index.html
https://m.twitch.tv/FranceRugby/about,http://instagram.com/FranceRugby
https://m.twitch.tv/FranceRugby/about,https://twitter.com/FranceRugby
https://m.twitch.tv/FranceRugby/about,https://discord.gg/yxvEtAVBUh
https://m.twitch.tv/FranceRugby/about,https://www.youtube.com/francerugby
https://m.twitch.tv/FranceRugby/about,https://instagram.com/FranceRugby
https://m.twitch.tv/FranceRugby/about,https://www.ffr.fr
https://m.twitch.tv/FranceRugby/about,https://bit.ly/3yFMV65
https://m.twitch.tv/FranceRugby/about,https://bit.ly/3CwDt6b
https://m.twitch.tv/FranceRugby/about,https://subs.twitch.tv/francerugby
https://m.twitch.tv/FranceRugby/about,https://www.ffr.fr/entreprises/partenariats/nos-partenaires
https://m.twitch.tv/MilanNewsit/about,https://www.milannews.it/
https://m.twitch.tv/MilanNewsit/about,https://www.twitch.tv/milannewsit/
https://m.twitch.tv/MilanNewsit/about,https://www.milannews.it/calendario_classifica/
https://m.twitch.tv/MilanNewsit/about,https://www.milannews.it/mobile/
https://m.twitch.tv/MilanNewsit/about,https://www.milannews.it/
https://m.twitch.tv/MilanNewsit/about,https://www.milannews.it/
https://m.twitch.tv/dj_ansi/about,https://discord.gg/fR3Pq2v
https://m.twitch.tv/dj_ansi/about,https://streamlabs.com/dj_ansi/tip
https://m.twitch.tv/dj_ansi/about,https://www.twitch.tv/dj_ansi/schedule
https://m.twitch.tv/dj_ansi/about,https://discord.gg/fR3Pq2v
https://m.twitch.tv/CachorrosFB/about,https://www.instagram.com/cachorrosfb/
https://m.twitch.tv/CachorrosFB/about,https://www.twitch.tv/videos/2048563433
https://m.twitch.tv/CachorrosFB/about,https://www.twitch.tv/videos/2055463128
https://m.twitch.tv/apiedepuerto/about,https://www.youtube.com/c/APiedePuerto/
https://m.twitch.tv/apiedepuerto/about,https://gaming.amazon.com/prime
https://m.twitch.tv/apiedepuerto/about,https://www.instagram.com/apiedepuerto/
https://m.twitch.tv/apiedepuerto/about,https://srko.co/apiedepuerto
https://m.twitch.tv/inter/about,https://www.instagram.com/inter/
https://m.twitch.tv/inter/about,https://store.inter.it/it-it/
https://m.twitch.tv/inter/about,https://www.inter.it/it/inter-official-app
https://m.twitch.tv/inter/about,https://www.inter.it/it/inter-tv
https://m.twitch.tv/inter/about,https://www.instagram.com/inter/
https://m.twitch.tv/inter/about,https://t.me/inter
https://m.twitch.tv/inter/about,https://www.facebook.com/Inter
https://m.twitch.tv/inter/about,https://twitter.com/inter
https://m.twitch.tv/inter/about,https://www.youtube.com/c/InterOfficial
https://m.twitch.tv/inter/about,https://www.tiktok.com/@inter
https://m.twitch.tv/pushdich_tcg/about,https://app.voggt.com/de/profiles/282465
https://m.twitch.tv/pushdich_tcg/about,https://www.pushdich-tcg.de
https://m.twitch.tv/pushdich_tcg/about,https://app.voggt.com/de/profiles/282465
https://m.twitch.tv/pushdich_tcg/about,https://thmn.to/thoprod/563463?offid=1&affid=2099
https://m.twitch.tv/pushdich_tcg/about,https://smilodox.com/discount/PUSHDICH?ref=PUSHDICH
https://m.twitch.tv/pushdich_tcg/about,https://neosupps.com/discount/PUSHDICH?ref=ikuP36ToPQ7WN
https://m.twitch.tv/pushdich_tcg/about,https://streamelements.com/pushdich_tcg/tip
https://m.twitch.tv/pushdich_tcg/about,https://www.pushdich-tcg.de/collections/gsg-submission
https://m.twitch.tv/pushdich_tcg/about,https://dotcomcanvas.de/pushdich-tcg
https://m.twitch.tv/pushdich_tcg/about,https://www.dxracer-germany.de/?167
https://m.twitch.tv/pushdich_tcg/about,https://www.instagram.com/pushdich_tcg/
https://m.twitch.tv/pushdich_tcg/about,https://www.youtube.com/channel/UC-WrlNE_fqWFmTcll_4Btpg
https://m.twitch.tv/pushdich_tcg/about,https://discord.gg/mDnn7XU39W
https://m.twitch.tv/pushdich_tcg/about,http://athletia.net/impressum
https://m.twitch.tv/marmita_sports/about,https://www.youtube.com/channel/UCfzG_f8wyZbXdwxTCtikiIw
https://m.twitch.tv/marmita_sports/about,https://teespring.com/stores/marmita-sports-gr
https://m.twitch.tv/marmita_sports/about,https://streamlabs.com/marmita_sports
https://m.twitch.tv/marmita_sports/about,https://marmita-sports.gr
https://m.twitch.tv/marmita_sports/about,https://www.tipeeestream.com/marmita-sports/donation
https://m.twitch.tv/marmita_sports/about,https://www.facebook.com/Marmitasportscafe/
https://m.twitch.tv/marmita_sports/about,https://www.youtube.com/channel/UCfzG_f8wyZbXdwxTCtikiIw?view_as=subscriber
https://m.twitch.tv/marmita_sports/about,https://loots.com/en/tip-jars/marmita_sports
https://m.twitch.tv/Studio_All_In/about,http://studioallin.se/
https://m.twitch.tv/OMofficial/about,https://twitter.com/OM_Officiel
https://m.twitch.tv/OMofficial/about,https://twitter.com/OM_Officiel
https://m.twitch.tv/OMofficial/about,https://www.youtube.com/channel/UCoKweTwEeA-D9vuSVw_Z_DQ?view_as=subscriber
https://m.twitch.tv/OMofficial/about,https://www.instagram.com/olympiquedemarseille/?hl=fr
https://m.twitch.tv/OMofficial/about,https://www.tiktok.com/@om
https://m.twitch.tv/CerebroCule/about,https://www.youtube.com/channel/UCqNTiBmVjGWH1cYSbJUxXlw
https://m.twitch.tv/CerebroCule/about,https://streamelements.com/cerebrocule/tip
https://m.twitch.tv/CerebroCule/about,https://gaming.amazon.com/home
https://m.twitch.tv/elapostadorcol/about,https://t.me/+Kz-8u-llN4QyYjUx
https://m.twitch.tv/elapostadorcol/about,https://bdeal.io/Bwin/70075/1
https://m.twitch.tv/elapostadorcol/about,https://gainblers.com/co/tipster-league/
https://m.twitch.tv/elapostadorcol/about,https://bdeal.io/Bwin/70075/1
https://m.twitch.tv/elapostadorcol/about,https://instagram.com/elapostadorcol?igshid=MzRlODBiNWFlZA==
https://m.twitch.tv/elapostadorcol/about,https://t.me/+smokjD-vYUoyNTkx
https://m.twitch.tv/NikoTB_/about,https://www.tiktok.com/@nikotb_
https://m.twitch.tv/NikoTB_/about,https://discord.gg/pZ2WCQKXaZ
https://m.twitch.tv/NikoTB_/about,https://streamlabs.com/nikotb_/tip
https://m.twitch.tv/NikoTB_/about,https://www.tiktok.com/@nikotb_
https://m.twitch.tv/NikoTB_/about,https://wwe-shop.sjv.io/NikoTBESH
https://m.twitch.tv/da_2bros1break/about,https://www.twitch.tv/team/dacardworld
https://m.twitch.tv/da_2bros1break/about,https://www.dacardworld.com/daily-deals
https://m.twitch.tv/da_2bros1break/about,https://www.fanatics.live/shops/dave-adams-card-world
https://m.twitch.tv/da_2bros1break/about,https://www.dacardworld.com/live#new-breaker
https://m.twitch.tv/da_2bros1break/about,https://www.dacardworld.com/sports-cards/dacw-live-personal-breaks
https://m.twitch.tv/da_2bros1break/about,https://www.instagram.com/da_2bros1break/
https://m.twitch.tv/da_2bros1break/about,https://www.dacardworld.com/
https://m.twitch.tv/da_2bros1break/about,https://www.dacardworld.com/sports-cards/reed-s-buys
https://m.twitch.tv/da_2bros1break/about,https://www.youtube.com/playlist?list=PLUlXfGUG9HHE9pAvPEdyBw11oBI4ElHtv
https://m.twitch.tv/JoeKingPR21/about,https://youtube.com/@JoeKingPR21?si=JGtxsVcHrKKEUxV3
https://m.twitch.tv/Diariovasco/about,https://www.instagram.com/diariovasco/
https://m.twitch.tv/VortexSportscards/about,https://vortexsportscards.com/
https://m.twitch.tv/wheezyblonde/about,https://instagram.com/itswheezyblonde
https://m.twitch.tv/wheezyblonde/about,https://streamelements.com/wheezyblonde/tip
https://m.twitch.tv/wheezyblonde/about,https://subs.twitch.tv/wheezyblonde
https://m.twitch.tv/wheezyblonde/about,https://www.instagram.com/awheezyblonde/?hl=en
https://m.twitch.tv/wheezyblonde/about,https://www.tiktok.com/@wheezyblonde?is_from_webapp=1&sender_device=pc
https://m.twitch.tv/wheezyblonde/about,https://www.amazon.com/hz/wishlist/ls/1FGQ94ZB0380Y?ref_=wl_share
https://m.twitch.tv/aPartidoUnico/about,https://www.youtube.com/channel/UCvfnBKb1-n7fYosutl9ZZ4A/
https://m.twitch.tv/aPartidoUnico/about,https://www.twitch.tv/subs/apartidounico
https://m.twitch.tv/aPartidoUnico/about,https://twitter.com/aPartidoUnico
https://m.twitch.tv/aPartidoUnico/about,https://discord.gg/MuyzSSAECX
https://m.twitch.tv/aPartidoUnico/about,https://www.tiktok.com/@apartidounico
https://m.twitch.tv/aPartidoUnico/about,https://www.instagram.com/apartido_unico/
https://m.twitch.tv/aPartidoUnico/about,https://www.youtube.com/@aPartidoUnico
https://m.twitch.tv/aPartidoUnico/about,https://podcasts.google.com/feed/aHR0cHM6Ly93d3cuaXZvb3guY29tL3BvZGNhc3QtYS1wYXJ0aWRvLXVuaWNvX2ZnX2YxMTIwMDM5N19maWx0cm9fMS54bWw
https://m.twitch.tv/aPartidoUnico/about,https://instream.ly/r/apartidounico
https://m.twitch.tv/aPartidoUnico/about,https://twync.es/register/13970
https://m.twitch.tv/aPartidoUnico/about,https://app.streamion.io/register?affiliate=UYtvaD5Ad
https://m.twitch.tv/aPartidoUnico/about,https://www.streamloots.com/apartidounico/collection/618c1399d1085a003d46352b
https://m.twitch.tv/aPartidoUnico/about,https://streamlabs.com/apartidounico
https://m.twitch.tv/aPartidoUnico/about,https://t.co/25EoK46JeX
https://m.twitch.tv/LiveBianconera/about,https://www.livebianconera.com
https://m.twitch.tv/LiveBianconera/about,https://streamlabs.com/livebianconera/tip
https://m.twitch.tv/LiveBianconera/about,https://bit.ly/3fDEeis
https://m.twitch.tv/BAMFBreakers/about,https://discord.gg/jmVhdyw5d6
https://m.twitch.tv/BAMFBreakers/about,https://bamfbreakers.com/ols/products
https://m.twitch.tv/BAMFBreakers/about,https://twitter.com/bamfbreakers
https://m.twitch.tv/BAMFBreakers/about,https://www.youtube.com/channel/UCx2EjHY0iaCks22-U40r5ag
https://m.twitch.tv/SocialGamblers/about,https://www.youtube.com/channel/UCrWl8RKBS17n-PkVGnYaz9g
https://m.twitch.tv/SocialGamblers/about,https://www.socialgamblers.gr/
https://m.twitch.tv/SocialGamblers/about,https://streamelements.com/socialgamblers/store
https://m.twitch.tv/SocialGamblers/about,https://www.instagram.com/social_gamblers/
https://m.twitch.tv/SocialGamblers/about,https://discord.gg/j2bEH73Rjm
https://m.twitch.tv/SocialGamblers/about,https://www.youtube.com/channel/UCrWl8RKBS17n-PkVGnYaz9g?view_as=subscriber
https://m.twitch.tv/SocialGamblers/about,https://streamelements.com/socialgamblers/tip
https://m.twitch.tv/danibet_/about,https://www.instagram.com/danibetcol/
https://m.twitch.tv/danibet_/about,https://www.instagram.com/danibetcol/
https://m.twitch.tv/danibet_/about,https://twitter.com/Danibetcol
https://m.twitch.tv/danibet_/about,https://www.instagram.com/danibetcol/
https://m.twitch.tv/danibet_/about,https://t.me/+RUthQQXuHrKpzBiL
https://m.twitch.tv/PapaBuyer/about,https://www.youtube.com/channel/UCZNKXV1fpEmfBfOm7NKxhYQ
https://m.twitch.tv/PapaBuyer/about,https://www.youtube.com/channel/UCZNKXV1fpEmfBfOm7NKxhYQ
https://m.twitch.tv/PapaBuyer/about,https://twitter.com/PapaBuyer
https://m.twitch.tv/PapaBuyer/about,https://www.instagram.com/papabuyer/
https://m.twitch.tv/WinnersGoalProCup/about,https://www.winnershub.net/
https://m.twitch.tv/WinnersGoalProCup/about,https://www.winnershub.net/winners-goal-pro-cup-short-football-events
https://m.twitch.tv/WinnersGoalProCup/about,https://www.winnershub.net/leaderboards-short-football
https://m.twitch.tv/WinnersGoalProCup/about,https://www.youtube.com/channel/UC7b4uyZkPIXntTyqTGsLIZQ
https://m.twitch.tv/WinnersGoalProCup/about,https://www.winnershub.net/news
https://m.twitch.tv/WinnersGoalProCup/about,https://www.winnershub.net/winners-goal-pro-cup-short-football-rankings
https://m.twitch.tv/WinnersGoalProCup/about,https://t.me/winners_public
https://m.twitch.tv/MARIAGMC_/about,https://twitter.com/tildegm?s=21
https://m.twitch.tv/MARIAGMC_/about,https://twitter.com/tildegm
https://m.twitch.tv/MARIAGMC_/about,https://www.instagram.com/tildegm/?hl=es
https://m.twitch.tv/MARIAGMC_/about,https://www.facebook.com/tildegm
https://m.twitch.tv/MARIAGMC_/about,https://www.youtube.com/channel/UCcvdiCo6MA3PxhCVDcChw8Q
https://m.twitch.tv/CuseSportsTalk/about,https://twitter.com/CuseSportsTalk_
https://m.twitch.tv/CuseSportsTalk/about,https://www.amazon.com/gp/help/customer/display.html?nodeId=GTCADSYDQFMD5DRS
https://m.twitch.tv/JuveEdjogo/about,https://www.instagram.com/juveedjogo/
https://m.twitch.tv/ColgadisimosDelAro/about,https://www.youtube.com/channel/UCcrSw79VCd4sSguy9D2HufQ
https://m.twitch.tv/ColgadisimosDelAro/about,https://www.youtube.com/channel/UCcrSw79VCd4sSguy9D2HufQ
https://m.twitch.tv/ColgadisimosDelAro/about,https://www.ivoox.com/escuchar-audios-colgados-del-aro_al_9080367_1.html?show=programs
https://m.twitch.tv/ColgadisimosDelAro/about,https://twitter.com/colgadosdelaro?ref_src=twsrc%5Egoogle%7Ctwcamp%5Eserp%7Ctwgr%5Eauthor
https://m.twitch.tv/ColgadisimosDelAro/about,https://podcasts.apple.com/es/podcast/colgados-del-aro-t6/id1551782649?l=ca
https://m.twitch.tv/ColgadisimosDelAro/about,https://www.instagram.com/colgados_del_aro/?hl=es
https://m.twitch.tv/ColgadisimosDelAro/about,https://open.spotify.com/show/59YIrwZhTMglCvJvndkIFs?si=NpdC2n_zRFmR9ocfFpp0pg
https://m.twitch.tv/ikercasillas/about,https://twitter.com/IkerCasillas
https://m.twitch.tv/ikercasillas/about,https://www.instagram.com/1kfutbolclub
https://m.twitch.tv/ikercasillas/about,https://www.tiktok.com/@1kfutbolclub
https://m.twitch.tv/ikercasillas/about,https://twitter.com/1kfutbolclub
https://m.twitch.tv/HeelJosh/about,https://www.YouTube.com/HeelJosh
https://m.twitch.tv/HeelJosh/about,https://gfuel.ly/3NFWLdx
https://m.twitch.tv/HeelJosh/about,https://lumiastream.com/ref/Heeljosh
https://m.twitch.tv/HeelJosh/about,https://www.youtube.com/HeelJosh
https://m.twitch.tv/HeelJosh/about,https://discord.gg/TNAuJywJkW
https://m.twitch.tv/HeelJosh/about,https://www.instagram.com/ItsHeelJosh
https://m.twitch.tv/HeelJosh/about,https://www.twitter.com/ItsHeeljosh
https://m.twitch.tv/HerrFloeter/about,https://floeter.co/support
https://m.twitch.tv/HerrFloeter/about,https://floeter.co/support
https://m.twitch.tv/HerrFloeter/about,https://www.twitch.tv/subs/herrfloeter
https://m.twitch.tv/HerrFloeter/about,https://www.youtube.com/c/HerrFloeter
https://m.twitch.tv/CBCsportscards/about,https://www.instagram.com/cbcsportscards/?hl=en
https://m.twitch.tv/CBCsportscards/about,https://www.youtube.com/channel/UCh-icZmzsRp3ku3WBuPqKVQ
https://m.twitch.tv/CBCsportscards/about,https://www.instagram.com/cardboardcocaine/?hl=en
https://m.twitch.tv/CBCsportscards/about,https://discord.gg/kaaKBGJDBW
https://m.twitch.tv/CBCsportscards/about,https://twitter.com/CARDBOARDCOKE
https://m.twitch.tv/masl_soccer3/about,https://www.instagram.com/maslsoccer/
https://m.twitch.tv/masl_soccer3/about,https://www.flitesports.com/collections/balls2/products/official-2022-masl-match-ball
https://m.twitch.tv/StadiumLiveApp/about,https://stadiumliveapp.app.link/Twitch
https://m.twitch.tv/StadiumLiveApp/about,https://stadiumliveapp.app.link/qhBY8vVfZ4
https://m.twitch.tv/StadiumLiveApp/about,https://discord.gg/RaHRvwT
https://m.twitch.tv/StadiumLiveApp/about,http://instagram.com/stadiumliveapp
https://m.twitch.tv/StadiumLiveApp/about,http://twitter.com/stadiumliveapp
https://m.twitch.tv/thibaudvezirian/about,http://www.youtube.com/thibaudveziriantv
https://m.twitch.tv/la_fiera_del_calcio/about,https://open.spotify.com/show/2XNwbNNAgmDvWl1HlbeEIK?si=3e713b8542164151
https://m.twitch.tv/la_fiera_del_calcio/about,https://www.instagram.com/fieradelcalcio/
https://m.twitch.tv/la_fiera_del_calcio/about,https://www.youtube.com/@LaFieradelCalcio
https://m.twitch.tv/la_fiera_del_calcio/about,https://open.spotify.com/show/2XNwbNNAgmDvWl1HlbeEIK?si=3e713b8542164151
https://m.twitch.tv/la_fiera_del_calcio/about,https://twitter.com/fiera_calcio?s=20
https://m.twitch.tv/la_fiera_del_calcio/about,https://t.me/fieradelcalcio
https://m.twitch.tv/la_fiera_del_calcio/about,https://www.instagram.com/jajaja.studio/
https://m.twitch.tv/doctorjota163/about,https://www.instagram.com/dr._jota_163/
https://m.twitch.tv/dobbtvlive/about,https://twitter.com/eurotalk2005
https://m.twitch.tv/MARCAvalladolid/about,https://twitter.com/MARCAvalladolid?s=20
https://m.twitch.tv/SOSFantaLive/about,https://www.sosfanta.com
https://m.twitch.tv/SOSFantaLive/about,http://bit.ly/appsosfanta
https://m.twitch.tv/fedandfut/about,https://www.facebook.com/Fedandfut
https://m.twitch.tv/TheGodFlores/about,https://twitter.com/PedroFerminF1
https://m.twitch.tv/TheGodFlores/about,https://discord.gg/Tr6uFfMGvW
https://m.twitch.tv/kapsel_hd/about,https://tiktok.com/@kapselhd
https://m.twitch.tv/PSG/about,https://www.tiktok.com/@psg
https://m.twitch.tv/PSG/about,https://www.psg.fr/
https://m.twitch.tv/PSG/about,https://www.youtube.com/channel/UCt9a_qP9CqHCNwilf-iULag
https://m.twitch.tv/PSG/about,https://twitter.com/PSG_inside
https://m.twitch.tv/PSG/about,https://www.instagram.com/psg/?hl=fr
https://m.twitch.tv/PSG/about,https://fr-fr.facebook.com/PSG/
https://m.twitch.tv/PSG/about,https://www.tiktok.com/@psg?lang=fr
https://m.twitch.tv/PSG/about,https://story.snapchat.com/@psg
https://m.twitch.tv/PSG/about,http://store.psg.fr
https://m.twitch.tv/Sergioyco/about,https://twitter.com/s9rgio
https://m.twitch.tv/Sergioyco/about,http://www.amazon.es/dp/B08PL1RZ8D/
https://m.twitch.tv/Sergioyco/about,https://twitter.com/s9rgio
https://m.twitch.tv/Sergioyco/about,https://www.instagram.com/sergioycotv/?hl=es
https://m.twitch.tv/Sergioyco/about,https://www.youtube.com/channel/UC0xaELENaXpMiBAK5doK6fw
https://m.twitch.tv/Sergioyco/about,https://www.linkedin.com/in/sergiogronras
https://m.twitch.tv/RambleNow/about,https://twitter.com/RambleNow
https://m.twitch.tv/RambleNow/about,https://www.youtube.com/@RambleNow
https://m.twitch.tv/koyotitospa/about,https://www.instagram.com/koyotitospa
https://m.twitch.tv/TheChiseledAdonis/about,https://www.youtube.com/channel/UC2cGFgeCTc1MxNEzPNcxvaA
https://m.twitch.tv/territorioblaugrana/about,https://www.youtube.com/channel/UC95c0HfSrOyQlkGOJZ-Y_Gg
https://m.twitch.tv/ibrahimoviktv/about,https://www.facebook.com/memesMazatlanGaming/
https://m.twitch.tv/javibridgee/about,https://www.tiktok.com/@javibridgee3
https://m.twitch.tv/livedrivestream/about,https://www.instagram.com/livedrivestream/
https://m.twitch.tv/livedrivestream/about,https://discord.gg/s7b9jMazfj
https://m.twitch.tv/livedrivestream/about,https://www.instagram.com/livedrivestream/
https://m.twitch.tv/livedrivestream/about,https://twitter.com/LiveDriveStream
https://m.twitch.tv/livedrivestream/about,https://sggmedia.com/#sgg-about
https://m.twitch.tv/livedrivestream/about,https://www.tiktok.com/@livedrivestream
https://m.twitch.tv/livedrivestream/about,https://shop.getblk.com/
https://m.twitch.tv/livedrivestream/about,https://www.getfliff.com/
https://m.twitch.tv/Ubietoo/about,https://instagram.com/ubietoo
https://m.twitch.tv/Ubietoo/about,https://www.twitch.tv/subs/ubietoo
https://m.twitch.tv/Ubietoo/about,https://streamelements.com/ubietoo/tip
https://m.twitch.tv/Ubietoo/about,https://discord.com/invite/BePvKDkbAx
https://m.twitch.tv/Ubietoo/about,https://linktr.ee/ubietoo
https://m.twitch.tv/MillerandMoulton/about,http://millerandmoulton.com
https://m.twitch.tv/MillerandMoulton/about,http://millerandmoulton.com/
https://m.twitch.tv/MillerandMoulton/about,https://www.twitch.tv/prime
https://m.twitch.tv/MillerandMoulton/about,https://www.twitch.tv/subs/millerandmoulton
https://m.twitch.tv/MillerandMoulton/about,https://www.twitch.tv/bits
https://m.twitch.tv/MillerandMoulton/about,https://www.youtube.com/channel/UCuh7jWYi01veETd3maXURSw
https://m.twitch.tv/MillerandMoulton/about,https://twitter.com/ThatMarkMiller
https://m.twitch.tv/MillerandMoulton/about,https://twitter.com/THEDavidMoulton
https://m.twitch.tv/MillerandMoulton/about,https://www.facebook.com/millerandmoulton/
https://m.twitch.tv/UltimateAutographs/about,https://ultimateautographs.com/pages/about-us
https://m.twitch.tv/UltimateAutographs/about,https://ultimateautographs.com/collections/football
https://m.twitch.tv/UltimateAutographs/about,https://ultimateautographs.com/pages/live-break
https://m.twitch.tv/CanalSupporters/about,https://www.youtube.com/channel/UCWBjcTiw1giFJ57tNLsh4Ww
https://m.twitch.tv/CanalSupporters/about,https://canal-supporters.com/
https://m.twitch.tv/CanalSupporters/about,https://www.instagram.com/canalsupporters/?hl=fr
https://m.twitch.tv/CanalSupporters/about,https://www.youtube.com/c/CanalSupportersYTB
https://m.twitch.tv/CanalSupporters/about,https://www.tiktok.com/@canalsupp
https://m.twitch.tv/CanalSupporters/about,https://twitter.com/CanalSupporters
https://m.twitch.tv/CanalSupporters/about,https://www.facebook.com/Canalsupporters
https://m.twitch.tv/FoosballTV/about,https://www.facebook.com/KickerCommunity
https://m.twitch.tv/FoosballTV/about,https://original-leonhart.com/
https://m.twitch.tv/FoosballTV/about,https://www.razer.com/de-de
https://m.twitch.tv/FoosballTV/about,https://www.leetdesk.com/
https://m.twitch.tv/FoosballTV/about,https://streamelements.com/foosballtv/tip
https://m.twitch.tv/Marshalada/about,https://twitter.com/LaMarshalada
https://m.twitch.tv/MaxKruseGaming/about,https://www.instagram.com/max.kruse10/
https://m.twitch.tv/MaxKruseGaming/about,https://rebrand.ly/CoDVanguard_Max
https://m.twitch.tv/MaxKruseGaming/about,https://streamelements.com/maxelinho18/tip
https://m.twitch.tv/MaxKruseGaming/about,https://www.instagram.com/max.kruse10/
https://m.twitch.tv/MaxKruseGaming/about,https://www.own3d.tv/
https://m.twitch.tv/MaxKruseGaming/about,https://www.elgato.com/de
https://m.twitch.tv/prideofdetroit/about,https://streamlabs.com/prideofdetroit/tip
https://m.twitch.tv/prideofdetroit/about,https://www.youtube.com/@prideofdetroit
https://m.twitch.tv/prideofdetroit/about,https://discord.gg/dK3Yq9UR4r
https://m.twitch.tv/prideofdetroit/about,https://twitter.com/prideofdetroit
https://m.twitch.tv/prideofdetroit/about,https://cms.megaphone.fm/channel/pride-of-detroit-lions
https://m.twitch.tv/easyCreditBBL/about,https://www.instagram.com/easycreditbbl/
https://m.twitch.tv/easyCreditBBL/about,https://www.dyn.sport/sport_basketball
https://m.twitch.tv/easyCreditBBL/about,https://www.easycredit-bbl.de/
https://m.twitch.tv/easyCreditBBL/about,https://www.instagram.com/easycreditbbl/
https://m.twitch.tv/easyCreditBBL/about,https://open.spotify.com/user/qch0kobur678yeujl6swgz77g
https://m.twitch.tv/easyCreditBBL/about,https://www.facebook.com/easyCreditBBL
https://m.twitch.tv/easyCreditBBL/about,https://www.tiktok.com/@easycreditbbl?u_code=d5b472l4c86m7e&language=de&utm_campaign=client_share&app=musically&utm_medium=ios&user_id=6672705277579723782&tt_from=copy&utm_source=copy&source=h5_m&_r=1
https://m.twitch.tv/easyCreditBBL/about,https://twitter.com/easyCreditBBL
https://m.twitch.tv/easyCreditBBL/about,https://youtube.com/playlist?list=PLEay0wkO_4C-WCyAlZLD2CrdRPEjA8Mkm
https://m.twitch.tv/HornATX/about,https://twitter.com/TheHornATX
https://m.twitch.tv/Conman167/about,https://twitter.com/conman167
https://m.twitch.tv/Conman167/about,https://strms.net/hellofresh_conman167
https://m.twitch.tv/Conman167/about,https://twitter.com/conman167
https://m.twitch.tv/Conman167/about,http://www.youtube.com/user/conman167167
https://m.twitch.tv/Conman167/about,https://discord.gg/7w82VwD
https://m.twitch.tv/Conman167/about,https://www.tiktok.com/@conman167x
https://m.twitch.tv/Conman167/about,https://twitch.streamlabs.com/conman167
https://m.twitch.tv/TNTSportsAR/about,https://www.youtube.com/channel/UCI5RY8G0ar-hLIaUJvx58Lw
https://m.twitch.tv/TNTSportsAR/about,https://www.youtube.com/@TNTSportsAR
https://m.twitch.tv/TNTSportsAR/about,https://twitter.com/TNTSportsAR
https://m.twitch.tv/TNTSportsAR/about,https://www.facebook.com/TNTSportsAR
https://m.twitch.tv/TNTSportsAR/about,https://www.tiktok.com/@tntsportsar
https://m.twitch.tv/TNTSportsAR/about,https://www.instagram.com/tntsportsar/
https://m.twitch.tv/TNTSportsAR/about,https://www.twitch.tv/products/tntsportsar/ticket
https://m.twitch.tv/firstteam101/about,https://www.youtube.com/c/FIRSTTEAM
https://m.twitch.tv/firstteam101/about,https://www.daomey.com/collections/first-team-x-daomey
https://m.twitch.tv/firstteam101/about,https://www.twitch.tv/subs/firstteam101
https://m.twitch.tv/firstteam101/about,https://www.daomey.com/collections/first-team-x-daomey
https://m.twitch.tv/firstteam101/about,https://streamlabs.com/firstteam101
https://m.twitch.tv/firstteam101/about,https://discord.gg/sDMCDT8f
https://m.twitch.tv/firstteam101/about,https://www.facebook.com/FirstTeam101/
https://m.twitch.tv/firstteam101/about,https://www.instagram.com/firstteam101/
https://m.twitch.tv/firstteam101/about,https://twitter.com/FirstTeam101
https://m.twitch.tv/firstteam101/about,https://www.youtube.com/channel/UCltzJogga-SMLbzpVI_527g
https://m.twitch.tv/firstteam101/about,https://www.youtube.com/channel/UCVVngTl-rdwFeFBUTdW5G5w
https://m.twitch.tv/JozaoFutebol/about,https://www.instagram.com/jozaofutebol/
https://m.twitch.tv/JozaoFutebol/about,https://discord.gg/PZcscYGgSM
https://m.twitch.tv/fersports/about,https://instagram.com/ferlg28_?igshid=ZDc4ODBmNjlmNQ==
https://m.twitch.tv/JeFFF/about,http://twitter.com/uJeFFF
https://m.twitch.tv/JeFFF/about,http://discord.gg/uJeFFF
https://m.twitch.tv/JeFFF/about,http://myjamelist.com
https://m.twitch.tv/JeFFF/about,http://livepix.gg/jefff
https://m.twitch.tv/JeFFF/about,http://twitter.com/uJeFFF
https://m.twitch.tv/JeFFF/about,http://instagram.com/uJeFFF
https://m.twitch.tv/il_tinca/about,https://t.me/+Fllv3MstnTpjNTdk
https://m.twitch.tv/il_tinca/about,https://www.improveyourstream.com
https://m.twitch.tv/il_tinca/about,https://discord.gg/h9Kk4FVY
https://m.twitch.tv/il_tinca/about,https://streamelements.com/il_tinca/tip
https://m.twitch.tv/madridismoaldia/about,https://madridismoaldia.com
https://m.twitch.tv/madridismoaldia/about,https://discord.gg/42q5enAty7
https://m.twitch.tv/madridismoaldia/about,https://streamlabs.com/madridismoaldia/tip
https://m.twitch.tv/madridismoaldia/about,https://madridismoaldia.com/
https://m.twitch.tv/madridismoaldia/about,https://www.youtube.com/channel/UC3spFWv3a7QSTf3qePZLW7g
https://m.twitch.tv/madridismoaldia/about,https://www.instagram.com/madridismoaldiaok/
https://m.twitch.tv/La_Oposicion/about,https://www.ivoox.com/escuchar-audios-oposicion-a-carlos-bosch_al_28908932_1.html
https://m.twitch.tv/La_Oposicion/about,https://www.youtube.com/channel/UCK1-M2ef0A6D0vOxP0k-kNA
https://m.twitch.tv/La_Oposicion/about,https://twitter.com/a_oposicion
https://m.twitch.tv/La_Oposicion/about,https://discord.gg/T9NdY6Dgg7
https://m.twitch.tv/La_Oposicion/about,https://www.instagram.com/la__oposicion/
https://m.twitch.tv/LaMatinaleFoot/about,https://twitter.com/MatinaleFoot
https://m.twitch.tv/LaMatinaleFoot/about,https://www.twitch.tv/subs/lamatinalefoot
https://m.twitch.tv/LaMatinaleFoot/about,https://streamlabs.com/lamatinalefoot/tip
https://m.twitch.tv/LaMatinaleFoot/about,https://twitter.com/MatinaleFoot
https://m.twitch.tv/LaMatinaleFoot/about,https://www.instagram.com/lamatinalefoot/
https://m.twitch.tv/LaMatinaleFoot/about,https://www.youtube.com/@lamatinalefoot
https://m.twitch.tv/LaMatinaleFoot/about,https://www.tiktok.com/@lamatinalefoot
https://m.twitch.tv/LaMatinaleFoot/about,https://discord.com/invite/ntxEa2mEeP
https://m.twitch.tv/Challenger_Series/about,https://www.challengerseries.net
https://m.twitch.tv/Challenger_Series/about,https://www.challengerseries.net/register/
https://m.twitch.tv/Challenger_Series/about,https://www.challengerseries.net/calendar/
https://m.twitch.tv/Challenger_Series/about,https://www.challengerseries.net/tourney/
https://m.twitch.tv/micheleposa/about,https://www.youtube.com/user/mkp17
https://m.twitch.tv/JoshODeezy/about,https://joshodeezyunlimited.com/
https://m.twitch.tv/JoshODeezy/about,https://www.bestbuy.com/site/cyberpowerpc-gamer-supreme-gaming-desktop-amd-ryzen-7-3700x-16gb-memory-nvidia-geforce-rtx-2070-super-1tb-ssd/6400450.p?skuId=6400450&ref=17&loc=11&CampaignID=1082172&SubscriberID=130204545
https://m.twitch.tv/JoshODeezy/about,https://www.streamlabs.com/JoshODeezy
https://m.twitch.tv/JoshODeezy/about,https://discord.com/channels/710508902357270558/710508902357270561
https://m.twitch.tv/JoshODeezy/about,https://twitter.com/JoshODeezy
https://m.twitch.tv/JoshODeezy/about,https://www.youtube.com/channel/UCMwkSk9A3bIyK1qjV-lczag?view_as=subscriber
https://m.twitch.tv/FABRIGARCIA517/about,https://twitter.com/Fabrigarcia517
https://m.twitch.tv/AlexDandi_MMA/about,https://www.tiktok.com/@alexdandimma
https://m.twitch.tv/AlexDandi_MMA/about,https://twitch.amazon.com/prime/link/it
https://m.twitch.tv/AlexDandi_MMA/about,https://t.me/alexdandibot
https://m.twitch.tv/AlexDandi_MMA/about,https://discord.gg/MxxsF7t
https://m.twitch.tv/AlexDandi_MMA/about,https://instagram.com/alexdandimma
https://m.twitch.tv/AlexDandi_MMA/about,https://streamelements.com/alexdandi_mma/tip
https://m.twitch.tv/FutbolerosTV/about,https://twitter.com/tv_futboleros
https://m.twitch.tv/FutbolerosTV/about,https://www.instagram.com/tv_futboleros/
https://m.twitch.tv/FutbolerosTV/about,https://twitter.com/tv_futboleros
https://m.twitch.tv/FutbolerosTV/about,https://www.youtube.com/channel/UC0q_Blv1EX_csVJDeH6bW9w/featured
https://m.twitch.tv/FutbolerosTV/about,https://www.tiktok.com/@tv_futboleros
https://m.twitch.tv/petkus_tv/about,https://www.facebook.com/petkustv/
https://m.twitch.tv/petkus_tv/about,https://twitter.com/petkustv
https://m.twitch.tv/petkus_tv/about,https://www.youtube.com/channel/UCiPvVqRKpCQq5YV9-CzAfFw
https://m.twitch.tv/petkus_tv/about,https://www.tipeeestream.com/petkus_tv/donation
https://m.twitch.tv/petkus_tv/about,https://www.facebook.com/petkustv/
https://m.twitch.tv/TQHTPodcast/about,https://twitter.com/TQHTPodcast
https://m.twitch.tv/TQHTPodcast/about,https://streamlabs.com/tqhtpodcast/tip
https://m.twitch.tv/TQHTPodcast/about,https://www.tiktok.com/@tqhtpodcast
https://m.twitch.tv/TQHTPodcast/about,https://www.youtube.com/channel/UCrE6zGpmM9OgItdrIRnsC0A?view_as=subscriber
https://m.twitch.tv/TQHTPodcast/about,https://twitter.com/TQHTPodcast
https://m.twitch.tv/TQHTPodcast/about,https://www.instant-gaming.com?igr=tqhtpodcast
https://m.twitch.tv/TQHTPodcast/about,https://discord.gg/5JjbfAU
https://m.twitch.tv/maqwelll/about,https://instagram.com/maqwell
https://m.twitch.tv/maqwelll/about,https://streamlabs.com/maqwelll
https://m.twitch.tv/maqwelll/about,https://www.youtube.com/channel/UC2NB_acBZHQIeqxTaWj2dVQ/
https://m.twitch.tv/maqwelll/about,https://twitter.com/maqwelll
https://m.twitch.tv/maqwelll/about,https://instagram.com/maqwell
https://m.twitch.tv/pepponetwitch/about,https://www.instagram.com/peppone1789/
https://m.twitch.tv/pepponetwitch/about,https://www.amazon.it/hz/wishlist/ls/253J64K4R5HQQ
https://m.twitch.tv/pepponetwitch/about,https://streamlabs.com/pepponetwitch/tip
https://m.twitch.tv/SoWhat/about,https://twitter.com/Sowhat_twitch
https://m.twitch.tv/SoWhat/about,https://boutique.so
https://m.twitch.tv/SoWhat/about,https://www.youtube.com/channel/UCVZIhJDzI2O-xs3999obI4w
https://m.twitch.tv/GermanGarmendia/about,http://www.youtube.com/juegagerman
https://m.twitch.tv/GermanGarmendia/about,https://www.instagram.com/germangarmendia/?hl=en
https://m.twitch.tv/GermanGarmendia/about,https://www.youtube.com/user/JuegaGerman
https://m.twitch.tv/GermanGarmendia/about,https://twitter.com/GermanGarmendia?lang=es
https://m.twitch.tv/ElDesmarque_TV/about,https://www.eldesmarque.com/
https://m.twitch.tv/JakeTv72/about,https://twitter.com/CageiVerse
https://m.twitch.tv/JakeTv72/about,https://www.amazon.com/hz/wishlist/ls/3MVW7110RI9RL?ref_=wl_share
https://m.twitch.tv/JakeTv72/about,https://discord.gg/GtwswyKR
https://m.twitch.tv/JakeTv72/about,https://www.tiktok.com/@jaketv72?lang=en
https://m.twitch.tv/JakeTv72/about,https://twitter.com/jake_cage
https://m.twitch.tv/JakeTv72/about,https://www.tiktok.com/@jaketv72gaming?lang=en
https://m.twitch.tv/JakeTv72/about,https://www.instagram.com/the_jake_iadevaia/
https://m.twitch.tv/Atletico_Stats/about,https://twitter.com/atletico_stats_
https://m.twitch.tv/alexandre_khaldi/about,https://www.instagram.com/alexandre.khaldi/
https://m.twitch.tv/alexandre_khaldi/about,https://link.thenode.gg/ALEXANDRE-JAN
https://m.twitch.tv/alexandre_khaldi/about,https://f1.pxf.io/AlexKhaldi
https://m.twitch.tv/alexandre_khaldi/about,https://twitter.com/Alex_Racing1/status/1487145977677062148
https://m.twitch.tv/alexandre_khaldi/about,https://twitter.com/Alex_Racing1
https://m.twitch.tv/alexandre_khaldi/about,https://www.instagram.com/alexandre.khaldi/
https://m.twitch.tv/alexandre_khaldi/about,https://www.tiktok.com/@alexandrekhaldi
https://m.twitch.tv/alexandre_khaldi/about,https://discord.gg/3vWY9C4GUs
https://m.twitch.tv/alexandre_khaldi/about,https://www.twitch.tv/subs/alexandre_khaldi
https://m.twitch.tv/alexandre_khaldi/about,https://www.youtube.com/c/AlexandreKhaldi
https://m.twitch.tv/manucolchon/about,https://twitter.com/manu_colchon
https://m.twitch.tv/GrittyUrbanSaga/about,https://youtube.com/TheGrittyUrbanSaga
https://m.twitch.tv/GrittyUrbanSaga/about,https://www.streamlabs.com/grittyurbansaga/tip
https://m.twitch.tv/GrittyUrbanSaga/about,https://www.twitch.tv/products/grittyurbansaga/ticket?ref=below_video_subscribe_button
https://m.twitch.tv/GrittyUrbanSaga/about,http://www.audibletrial.com/GrittyUrbanSaga
https://m.twitch.tv/GrittyUrbanSaga/about,http://treatstream.com/t/treat/grittyurbansaga
https://m.twitch.tv/GrittyUrbanSaga/about,http://www.youtube.com/TheGrittyUrbanSaga
https://m.twitch.tv/jefezhai/about,https://www.youtube.com/c/jefezhai?sub_confirmation=1
https://m.twitch.tv/jefezhai/about,https://www.youtube.com/channel/UCpszog1g3TfWvEWrJAMwyfQ?sub_confirmation=1
https://m.twitch.tv/jefezhai/about,https://www.instagram.com/jefezhai/
https://m.twitch.tv/jefezhai/about,https://discord.gg/XqzWSnRjPM
https://m.twitch.tv/jefezhai/about,https://twitter.com/JefeZhai
https://m.twitch.tv/jefezhai/about,https://streamlabs.com/jefezhai
https://m.twitch.tv/jefezhai/about,https://www.twitch.tv/subs/jefezhai
https://m.twitch.tv/thefranchiselive/about,https://twitter.com/FranchiseOK
https://m.twitch.tv/thefranchiselive/about,https://twitch.amazon.com/prime
https://m.twitch.tv/thefranchiselive/about,https://www.twitch.tv/subs/thefranchiselive
https://m.twitch.tv/thefranchiselive/about,https://www.twitch.tv/bits
https://m.twitch.tv/thefranchiselive/about,http://thefranchiseok.com/
https://m.twitch.tv/thefranchiselive/about,https://twitter.com/FranchiseOK
https://m.twitch.tv/thefranchiselive/about,https://www.facebook.com/TheFranchiseSportsOK/
https://m.twitch.tv/thefranchiselive/about,http://thefranchiseok.com/franchise-podcasts/
https://m.twitch.tv/losperifericosroyal/about,https://www.youtube.com/@losperifericosroyal
https://m.twitch.tv/Scipionista/about,https://twitter.com/Scipionista
https://m.twitch.tv/Scipionista/about,https://twitter.com/Scipionista
https://m.twitch.tv/Scipionista/about,https://www.instagram.com/adrienmth/
https://m.twitch.tv/Scipionista/about,https://soundcloud.com/user-410432945
https://m.twitch.tv/janusport/about,https://twitter.com/Janusport
https://m.twitch.tv/janusport/about,https://www.instagram.com/janusport.fr
https://m.twitch.tv/janusport/about,https://twitter.com/Janusport
https://m.twitch.tv/BridgetCase/about,https://www.instagram.com/bridgetcase_/
https://m.twitch.tv/BridgetCase/about,https://www.fanduel.com/league/bridgetcasefreeplay
https://m.twitch.tv/BridgetCase/about,https://www.bridgetcase.com/about
https://m.twitch.tv/BridgetCase/about,https://streamelements.com/bridgetcase/tip
https://m.twitch.tv/BridgetCase/about,https://discord.gg/JeRAr4th9P
https://m.twitch.tv/BridgetCase/about,https://podcasts.apple.com/us/podcast/id1476330035
https://m.twitch.tv/BridgetCase/about,https://previews.pikkit.com/invite/BRIDGET
https://m.twitch.tv/BridgetCase/about,https://www.streamloots.com/bridgetcase?couponCode=PA957
https://m.twitch.tv/RodrigoCapita/about,https://instagram.com/rodrigoha
https://m.twitch.tv/RodrigoCapita/about,https://twitter.com/Rodrigoha
https://m.twitch.tv/RodrigoCapita/about,https://www.instagram.com/rodrigoha/
https://m.twitch.tv/RodrigoCapita/about,https://www.youtube.com/user/RodrigoHardyFutsal
https://m.twitch.tv/SalvatoRRR_OMG/about,https://youtube.com/@salvatorrr_omg
https://m.twitch.tv/SalvatoRRR_OMG/about,https://streamlabs.com/salvatorrr_omg
https://m.twitch.tv/SalvatoRRR_OMG/about,https://instagram.com/SalvatoRRR_OMG
https://m.twitch.tv/SalvatoRRR_OMG/about,https://twitter.com/SalvatoRRR_OMG
https://m.twitch.tv/tvaztecaesports/about,https://twitter.com/tvaztecaesports
https://m.twitch.tv/tvaztecaesports/about,https://www.instagram.com/tvaztecaesports/
https://m.twitch.tv/tvaztecaesports/about,https://www.youtube.com/channel/UCPwxpyFPsdUKFXyUnOa3kfA
https://m.twitch.tv/DonQuijoteDLC/about,https://twitter.com/DonQuijoteDeLaC
https://m.twitch.tv/DonQuijoteDLC/about,https://paypal.me/DonQuijoteDeLaCancha
https://m.twitch.tv/DonQuijoteDLC/about,https://www.futbollufo.com/
https://m.twitch.tv/DonQuijoteDLC/about,https://www.analiticafantasy.com/
https://m.twitch.tv/fenixdeportestvv/about,https://www.facebook.com/groups/astrosdehoustonfanforever
https://m.twitch.tv/fenixdeportestvv/about,https://paypal.me/hilinlan?country.x=NI&locale.x=es_XC
https://m.twitch.tv/fenixdeportestvv/about,https://www.twitch.tv/subs/fenixdeportestvv
https://m.twitch.tv/fenixdeportestvv/about,https://chat.whatsapp.com/LPUu30c3KcKJxAO3LI7qIa
https://m.twitch.tv/fenixdeportestvv/about,https://www.facebook.com/groups/astrosdehoustonfanforever
https://m.twitch.tv/chivasesports/about,https://chivastv.mx/
https://m.twitch.tv/chivasesports/about,https://www.youtube.com/c/ChivasdecorazonMx
https://m.twitch.tv/chivasesports/about,https://twitter.com/esportsChivas
https://m.twitch.tv/chivasesports/about,https://www.instagram.com/chivasesports/
https://m.twitch.tv/chivasesports/about,https://www.facebook.com/Chivasesports
https://m.twitch.tv/chivasesports/about,https://www.tiktok.com/@chivas
https://m.twitch.tv/lyesbouzidi/about,https://twitter.com/lyesbouzidi10
https://m.twitch.tv/maajeestiic24/about,https://www.instagram.com/majesticeduardog/
https://m.twitch.tv/maajeestiic24/about,https://streamelements.com/maajeestiic24/tip
https://m.twitch.tv/maajeestiic24/about,https://www.youtube.com/@MAJESTICCSHOWW/videos
https://m.twitch.tv/maajeestiic24/about,https://www.instagram.com/majesticeduardog/
https://m.twitch.tv/maajeestiic24/about,https://twitter.com/EduardoGGalindo
https://m.twitch.tv/maajeestiic24/about,https://www.tiktok.com/@eduardomajesticga
https://m.twitch.tv/TheDegenerateWeekly/about,https://twitter.com/TheDegenWeekly
https://m.twitch.tv/rugbyramafr/about,https://www.instagram.com/rugbyramafr
https://m.twitch.tv/CobraCards1/about,https://instagram.com/cobracards1?igshid=NGExMmI2YTkyZg==
https://m.twitch.tv/CobraCards1/about,https://streamelements.com/cobracards1/tip
https://m.twitch.tv/romainnextgen/about,https://twitter.com/RomainNextGen
https://m.twitch.tv/barstoolgambling/about,https://twitter.com/BarstooliCasino?s=20&t=7uiAXic9H5vUOaNzm7DCMA
https://m.twitch.tv/barstoolgambling/about,https://twitter.com/stoolgambling
https://m.twitch.tv/barstoolgambling/about,https://www.instagram.com/barstoolgambling/
https://m.twitch.tv/barstoolgambling/about,https://www.facebook.com/barstoolgambling
https://m.twitch.tv/barstoolgambling/about,https://www.youtube.com/channel/UCIu_ERpwvEfEHkUsQKiZ8rQ
https://m.twitch.tv/barstoolgambling/about,https://www.threads.net/@barstoolgambling
https://m.twitch.tv/baloncestoesp/about,https://www.instagram.com/baloncestoesp/?hl=es
https://m.twitch.tv/JunkWaxVintage/about,https://www.facebook.com/groups/1662506184129202
https://m.twitch.tv/ei_Franz/about,https://www.instagram.com/nbarevival
https://m.twitch.tv/ei_Franz/about,https://www.twitch.tv/subs/ei_franz
https://m.twitch.tv/ei_Franz/about,https://streamelements.com/ei_franz/tip
https://m.twitch.tv/ArizonaDerbyDames/about,https://www.instagram.com/arizonaderbydames/
https://m.twitch.tv/ArizonaDerbyDames/about,https://drive.google.com/file/d/1qCmck3NL2yEYcqLw4iwzhJG8KdmNXecG/view?usp=drivesdk
https://m.twitch.tv/ArizonaDerbyDames/about,https://drive.google.com/file/d/1p4p23vJ8KiX8G_wK7pTW7DyWpeC7Xdh3/view
https://m.twitch.tv/ArizonaDerbyDames/about,https://www.instagram.com/rollerragephx/?hl=en
https://m.twitch.tv/ArizonaDerbyDames/about,https://azdd.square.site/s/shop
https://m.twitch.tv/RoldanRodriguez/about,https://www.tiktok.com/@roldanrodriguezigl
https://m.twitch.tv/RoldanRodriguez/about,https://www.tiktok.com/@roldanrodriguezigl
https://m.twitch.tv/RoldanRodriguez/about,https://www.instagram.com/roldan.rodriguez
https://m.twitch.tv/RoldanRodriguez/about,https://twitter.com/roldanrodriguez
https://m.twitch.tv/RoldanRodriguez/about,https://discord.gg/QsDEyuC
https://m.twitch.tv/RoldanRodriguez/about,https://t.me/TeamRoldan
https://m.twitch.tv/RoldanRodriguez/about,https://www.twitch.tv/products/roldanrodriguez1
https://m.twitch.tv/RoldanRodriguez/about,https://www.roldanrodriguez.com
https://m.twitch.tv/toptradingcardsde/about,https://discord.gg/toptradingcards
https://m.twitch.tv/toptradingcardsde/about,https://www.ebay.de/str/toptradingcardsshop
https://m.twitch.tv/toptradingcardsde/about,https://marketmoversapp.com/
https://m.twitch.tv/toptradingcardsde/about,https://www.discord.gg/toptradingcards
https://m.twitch.tv/toptradingcardsde/about,https://www.toptradingcards.com/shop/
https://m.twitch.tv/toptradingcardsde/about,https://www.youtube.com/user/TopTradingCards
https://m.twitch.tv/EraUmBigMac_/about,https://www.instagram.com/dylanxavier95/?hl=pt
https://m.twitch.tv/EraUmBigMac_/about,https://patreon.com/EraUmBigMac?utm_medium=clipboard_copy&utm_source=copyLink&utm_campaign=creatorshare_creator&utm_content=join_link
https://m.twitch.tv/EraUmBigMac_/about,https://tipme.to/eraumbigmac_
https://m.twitch.tv/EraUmBigMac_/about,https://streamlabs.com/eraumbigmac_
https://m.twitch.tv/EraUmBigMac_/about,https://media.bet7partners.com/redirect.aspx?pid=4654&bid=1560
